text,label
indentation is key in this language. it uses pip for package management.,Python
i love using decorators and list comprehensions in my scripts.,Python
writing a flask api with a simple return statement.,Python
machine learning libraries like pytorch and tensorflow are great.,Python
import pandas as pd and read a csv file.,Python
const app = express(); handles my web server routes.,JavaScript
async and await make handling promises much easier.,JavaScript
using npm to install packages like react and lodash.,JavaScript
the dom manipulation with document.getelementbyid is standard.,JavaScript
arrow functions provide a concise syntax for anonymous functions.,JavaScript
managing memory manually with new and delete is powerful.,C++
pointers and references are core concepts for performance.,C++
the standard template library or stl provides vectors and maps.,C++
header files with .h extensions define classes and functions.,C++
using g++ to compile my source code into an executable.,C++
public static void main is the entry point for every application.,Java
the jvm allows code to run on any platform once compiled.,Java
spring boot is a popular framework for building enterprise apps.,Java
maven and gradle manage my dependencies and build lifecycle.,Java
everything is an object in this strictly typed language.,Java
all variables start with a dollar sign like $variable.,PHP
server-side scripting is often used with wordpress and laravel.,PHP
composer is the dependency manager used for modern projects.,PHP
echo 'hello world'; is how you output text to the browser.,PHP
it integrates well with mysql databases for web development.,PHP
"the boilerplate includes head, body, and title tags.",HTML
div and span elements are used to structure the page content.,HTML
using attributes like class and id to identify elements.,HTML
the dom tree represents the structure of the document.,HTML
anchor tags with href attributes create links between pages.,HTML
indentation is key in this language. it uses pip for package management.,Python
i love using decorators and list comprehensions in my scripts.,Python
writing a flask api with a simple return statement.,Python
machine learning libraries like pytorch and tensorflow are great.,Python
import pandas as pd and read a csv file.,Python
const app = express(); handles my web server routes.,JavaScript
async and await make handling promises much easier.,JavaScript
using npm to install packages like react and lodash.,JavaScript
the dom manipulation with document.getelementbyid is standard.,JavaScript
arrow functions provide a concise syntax for anonymous functions.,JavaScript
managing memory manually with new and delete is powerful.,C++
pointers and references are core concepts for performance.,C++
the standard template library or stl provides vectors and maps.,C++
header files with .h extensions define classes and functions.,C++
using g++ to compile my source code into an executable.,C++
public static void main is the entry point for every application.,Java
the jvm allows code to run on any platform once compiled.,Java
spring boot is a popular framework for building enterprise apps.,Java
maven and gradle manage my dependencies and build lifecycle.,Java
everything is an object in this strictly typed language.,Java
all variables start with a dollar sign like $variable.,PHP
server-side scripting is often used with wordpress and laravel.,PHP
composer is the dependency manager used for modern projects.,PHP
echo 'hello world'; is how you output text to the browser.,PHP
it integrates well with mysql databases for web development.,PHP
"the boilerplate includes head, body, and title tags.",HTML
div and span elements are used to structure the page content.,HTML
using attributes like class and id to identify elements.,HTML
the dom tree represents the structure of the document.,HTML
anchor tags with href attributes create links between pages.,HTML
indentation is key in this language. it uses pip for package management.,Python
i love using decorators and list comprehensions in my scripts.,Python
writing a flask api with a simple return statement.,Python
machine learning libraries like pytorch and tensorflow are great.,Python
import pandas as pd and read a csv file.,Python
const app = express(); handles my web server routes.,JavaScript
async and await make handling promises much easier.,JavaScript
using npm to install packages like react and lodash.,JavaScript
the dom manipulation with document.getelementbyid is standard.,JavaScript
arrow functions provide a concise syntax for anonymous functions.,JavaScript
managing memory manually with new and delete is powerful.,C++
pointers and references are core concepts for performance.,C++
the standard template library or stl provides vectors and maps.,C++
header files with .h extensions define classes and functions.,C++
using g++ to compile my source code into an executable.,C++
public static void main is the entry point for every application.,Java
the jvm allows code to run on any platform once compiled.,Java
spring boot is a popular framework for building enterprise apps.,Java
maven and gradle manage my dependencies and build lifecycle.,Java
everything is an object in this strictly typed language.,Java
all variables start with a dollar sign like $variable.,PHP
server-side scripting is often used with wordpress and laravel.,PHP
composer is the dependency manager used for modern projects.,PHP
echo 'hello world'; is how you output text to the browser.,PHP
it integrates well with mysql databases for web development.,PHP
"the boilerplate includes head, body, and title tags.",HTML
div and span elements are used to structure the page content.,HTML
using attributes like class and id to identify elements.,HTML
the dom tree represents the structure of the document.,HTML
anchor tags with href attributes create links between pages.,HTML
indentation is key in this language. it uses pip for package management.,Python
i love using decorators and list comprehensions in my scripts.,Python
writing a flask api with a simple return statement.,Python
machine learning libraries like pytorch and tensorflow are great.,Python
import pandas as pd and read a csv file.,Python
const app = express(); handles my web server routes.,JavaScript
async and await make handling promises much easier.,JavaScript
using npm to install packages like react and lodash.,JavaScript
the dom manipulation with document.getelementbyid is standard.,JavaScript
arrow functions provide a concise syntax for anonymous functions.,JavaScript
managing memory manually with new and delete is powerful.,C++
pointers and references are core concepts for performance.,C++
the standard template library or stl provides vectors and maps.,C++
header files with .h extensions define classes and functions.,C++
using g++ to compile my source code into an executable.,C++
public static void main is the entry point for every application.,Java
the jvm allows code to run on any platform once compiled.,Java
spring boot is a popular framework for building enterprise apps.,Java
maven and gradle manage my dependencies and build lifecycle.,Java
everything is an object in this strictly typed language.,Java
all variables start with a dollar sign like $variable.,PHP
server-side scripting is often used with wordpress and laravel.,PHP
composer is the dependency manager used for modern projects.,PHP
echo 'hello world'; is how you output text to the browser.,PHP
it integrates well with mysql databases for web development.,PHP
"the boilerplate includes head, body, and title tags.",HTML
div and span elements are used to structure the page content.,HTML
using attributes like class and id to identify elements.,HTML
the dom tree represents the structure of the document.,HTML
anchor tags with href attributes create links between pages.,HTML
indentation is key in this language. it uses pip for package management.,Python
i love using decorators and list comprehensions in my scripts.,Python
writing a flask api with a simple return statement.,Python
machine learning libraries like pytorch and tensorflow are great.,Python
import pandas as pd and read a csv file.,Python
const app = express(); handles my web server routes.,JavaScript
async and await make handling promises much easier.,JavaScript
using npm to install packages like react and lodash.,JavaScript
the dom manipulation with document.getelementbyid is standard.,JavaScript
arrow functions provide a concise syntax for anonymous functions.,JavaScript
managing memory manually with new and delete is powerful.,C++
pointers and references are core concepts for performance.,C++
the standard template library or stl provides vectors and maps.,C++
header files with .h extensions define classes and functions.,C++
using g++ to compile my source code into an executable.,C++
public static void main is the entry point for every application.,Java
the jvm allows code to run on any platform once compiled.,Java
spring boot is a popular framework for building enterprise apps.,Java
maven and gradle manage my dependencies and build lifecycle.,Java
everything is an object in this strictly typed language.,Java
all variables start with a dollar sign like $variable.,PHP
server-side scripting is often used with wordpress and laravel.,PHP
composer is the dependency manager used for modern projects.,PHP
echo 'hello world'; is how you output text to the browser.,PHP
it integrates well with mysql databases for web development.,PHP
"the boilerplate includes head, body, and title tags.",HTML
div and span elements are used to structure the page content.,HTML
using attributes like class and id to identify elements.,HTML
the dom tree represents the structure of the document.,HTML
anchor tags with href attributes create links between pages.,HTML
indentation is key in this language. it uses pip for package management.,Python
i love using decorators and list comprehensions in my scripts.,Python
writing a flask api with a simple return statement.,Python
machine learning libraries like pytorch and tensorflow are great.,Python
import pandas as pd and read a csv file.,Python
const app = express(); handles my web server routes.,JavaScript
async and await make handling promises much easier.,JavaScript
using npm to install packages like react and lodash.,JavaScript
the dom manipulation with document.getelementbyid is standard.,JavaScript
arrow functions provide a concise syntax for anonymous functions.,JavaScript
managing memory manually with new and delete is powerful.,C++
pointers and references are core concepts for performance.,C++
the standard template library or stl provides vectors and maps.,C++
header files with .h extensions define classes and functions.,C++
using g++ to compile my source code into an executable.,C++
public static void main is the entry point for every application.,Java
the jvm allows code to run on any platform once compiled.,Java
spring boot is a popular framework for building enterprise apps.,Java
maven and gradle manage my dependencies and build lifecycle.,Java
everything is an object in this strictly typed language.,Java
all variables start with a dollar sign like $variable.,PHP
server-side scripting is often used with wordpress and laravel.,PHP
composer is the dependency manager used for modern projects.,PHP
echo 'hello world'; is how you output text to the browser.,PHP
it integrates well with mysql databases for web development.,PHP
"the boilerplate includes head, body, and title tags.",HTML
div and span elements are used to structure the page content.,HTML
using attributes like class and id to identify elements.,HTML
the dom tree represents the structure of the document.,HTML
anchor tags with href attributes create links between pages.,HTML
indentation is key in this language. it uses pip for package management.,Python
i love using decorators and list comprehensions in my scripts.,Python
writing a flask api with a simple return statement.,Python
machine learning libraries like pytorch and tensorflow are great.,Python
import pandas as pd and read a csv file.,Python
const app = express(); handles my web server routes.,JavaScript
async and await make handling promises much easier.,JavaScript
using npm to install packages like react and lodash.,JavaScript
the dom manipulation with document.getelementbyid is standard.,JavaScript
arrow functions provide a concise syntax for anonymous functions.,JavaScript
managing memory manually with new and delete is powerful.,C++
pointers and references are core concepts for performance.,C++
the standard template library or stl provides vectors and maps.,C++
header files with .h extensions define classes and functions.,C++
using g++ to compile my source code into an executable.,C++
public static void main is the entry point for every application.,Java
the jvm allows code to run on any platform once compiled.,Java
spring boot is a popular framework for building enterprise apps.,Java
maven and gradle manage my dependencies and build lifecycle.,Java
everything is an object in this strictly typed language.,Java
all variables start with a dollar sign like $variable.,PHP
server-side scripting is often used with wordpress and laravel.,PHP
composer is the dependency manager used for modern projects.,PHP
echo 'hello world'; is how you output text to the browser.,PHP
it integrates well with mysql databases for web development.,PHP
"the boilerplate includes head, body, and title tags.",HTML
div and span elements are used to structure the page content.,HTML
using attributes like class and id to identify elements.,HTML
the dom tree represents the structure of the document.,HTML
anchor tags with href attributes create links between pages.,HTML
indentation is key in this language. it uses pip for package management.,Python
i love using decorators and list comprehensions in my scripts.,Python
writing a flask api with a simple return statement.,Python
machine learning libraries like pytorch and tensorflow are great.,Python
import pandas as pd and read a csv file.,Python
const app = express(); handles my web server routes.,JavaScript
async and await make handling promises much easier.,JavaScript
using npm to install packages like react and lodash.,JavaScript
the dom manipulation with document.getelementbyid is standard.,JavaScript
arrow functions provide a concise syntax for anonymous functions.,JavaScript
managing memory manually with new and delete is powerful.,C++
pointers and references are core concepts for performance.,C++
the standard template library or stl provides vectors and maps.,C++
header files with .h extensions define classes and functions.,C++
using g++ to compile my source code into an executable.,C++
public static void main is the entry point for every application.,Java
the jvm allows code to run on any platform once compiled.,Java
spring boot is a popular framework for building enterprise apps.,Java
maven and gradle manage my dependencies and build lifecycle.,Java
everything is an object in this strictly typed language.,Java
all variables start with a dollar sign like $variable.,PHP
server-side scripting is often used with wordpress and laravel.,PHP
composer is the dependency manager used for modern projects.,PHP
echo 'hello world'; is how you output text to the browser.,PHP
it integrates well with mysql databases for web development.,PHP
"the boilerplate includes head, body, and title tags.",HTML
div and span elements are used to structure the page content.,HTML
using attributes like class and id to identify elements.,HTML
the dom tree represents the structure of the document.,HTML
anchor tags with href attributes create links between pages.,HTML
indentation is key in this language. it uses pip for package management.,Python
i love using decorators and list comprehensions in my scripts.,Python
writing a flask api with a simple return statement.,Python
machine learning libraries like pytorch and tensorflow are great.,Python
import pandas as pd and read a csv file.,Python
const app = express(); handles my web server routes.,JavaScript
async and await make handling promises much easier.,JavaScript
using npm to install packages like react and lodash.,JavaScript
the dom manipulation with document.getelementbyid is standard.,JavaScript
arrow functions provide a concise syntax for anonymous functions.,JavaScript
managing memory manually with new and delete is powerful.,C++
pointers and references are core concepts for performance.,C++
the standard template library or stl provides vectors and maps.,C++
header files with .h extensions define classes and functions.,C++
using g++ to compile my source code into an executable.,C++
public static void main is the entry point for every application.,Java
the jvm allows code to run on any platform once compiled.,Java
spring boot is a popular framework for building enterprise apps.,Java
maven and gradle manage my dependencies and build lifecycle.,Java
everything is an object in this strictly typed language.,Java
all variables start with a dollar sign like $variable.,PHP
server-side scripting is often used with wordpress and laravel.,PHP
composer is the dependency manager used for modern projects.,PHP
echo 'hello world'; is how you output text to the browser.,PHP
it integrates well with mysql databases for web development.,PHP
"the boilerplate includes head, body, and title tags.",HTML
div and span elements are used to structure the page content.,HTML
using attributes like class and id to identify elements.,HTML
the dom tree represents the structure of the document.,HTML
anchor tags with href attributes create links between pages.,HTML
indentation is key in this language. it uses pip for package management.,Python
i love using decorators and list comprehensions in my scripts.,Python
writing a flask api with a simple return statement.,Python
machine learning libraries like pytorch and tensorflow are great.,Python
import pandas as pd and read a csv file.,Python
const app = express(); handles my web server routes.,JavaScript
async and await make handling promises much easier.,JavaScript
using npm to install packages like react and lodash.,JavaScript
the dom manipulation with document.getelementbyid is standard.,JavaScript
arrow functions provide a concise syntax for anonymous functions.,JavaScript
managing memory manually with new and delete is powerful.,C++
pointers and references are core concepts for performance.,C++
the standard template library or stl provides vectors and maps.,C++
header files with .h extensions define classes and functions.,C++
using g++ to compile my source code into an executable.,C++
public static void main is the entry point for every application.,Java
the jvm allows code to run on any platform once compiled.,Java
spring boot is a popular framework for building enterprise apps.,Java
maven and gradle manage my dependencies and build lifecycle.,Java
everything is an object in this strictly typed language.,Java
all variables start with a dollar sign like $variable.,PHP
server-side scripting is often used with wordpress and laravel.,PHP
composer is the dependency manager used for modern projects.,PHP
echo 'hello world'; is how you output text to the browser.,PHP
it integrates well with mysql databases for web development.,PHP
"the boilerplate includes head, body, and title tags.",HTML
div and span elements are used to structure the page content.,HTML
using attributes like class and id to identify elements.,HTML
the dom tree represents the structure of the document.,HTML
anchor tags with href attributes create links between pages.,HTML
